phenotype,t_stat,p_value
Phenotype_A,-668.5803869020205,0.0
Phenotype_B,161.89754949423312,0.0
Phenotype_C,11.19380454245535,4.407774632211756e-29
Phenotype_D,-87.47725226404961,0.0
Phenotype_E,4.761226087773852,1.9247432790804884e-06
